<?xml version="1.0" encoding="UTF-8"?>
<beans:beans xmlns="http://www.springframework.org/schema/mvc"
	xmlns:xsi="http://www.w3.org/2001/XMLSchema-instance"
	xmlns:beans="http://www.springframework.org/schema/beans"
	xmlns:context="http://www.springframework.org/schema/context"
	xmlns:websocket="http://www.springframework.org/schema/websocket"
	xsi:schemaLocation="http://www.springframework.org/schema/websocket http://www.springframework.org/schema/websocket/spring-websocket-4.3.xsd
		http://www.springframework.org/schema/mvc https://www.springframework.org/schema/mvc/spring-mvc.xsd
		http://www.springframework.org/schema/beans https://www.springframework.org/schema/beans/spring-beans.xsd
		http://www.springframework.org/schema/context https://www.springframework.org/schema/context/spring-context.xsd">

	<!-- DispatcherServlet Context: defines this servlet's request-processing 
		infrastructure -->
	<annotation-driven>
		<message-converters>
			<beans:bean class="org.springframework.http.converter.StringHttpMessageConverter">
				<beans:property name="supportedMediaTypes">
					<beans:list>
						<beans:value>application/json; charset=utf-8</beans:value>
						<beans:value>text/html; charset=utf-8</beans:value>
						<beans:value>plain/text; charset=utf-8</beans:value>
					</beans:list>
				</beans:property>
			</beans:bean>
		</message-converters>
	</annotation-driven>	
	

	<!-- Enables the Spring MVC @Controller programming model -->
	<annotation-driven />

	<!-- Handles HTTP GET requests for /resources/** by efficiently serving 
		up static resources in the ${webappRoot}/resources directory -->
	<resources mapping="/resources/**" location="/resources/" />
	<resources mapping="/upload/**" location="file:c:/upload/" />

	<!-- Resolves views selected for rendering by @Controllers to .jsp resources 
		in the /WEB-INF/views directory -->
	<beans:bean
		class="org.springframework.web.servlet.view.InternalResourceViewResolver">
		<beans:property name="prefix" value="/WEB-INF/views/" />
		<beans:property name="suffix" value=".jsp" />
	</beans:bean>

	<beans:bean id="multipartResolver" class="org.springframework.web.multipart.commons.CommonsMultipartResolver">
		<beans:property name="maxUploadSize" value="10485760"></beans:property>
		<beans:property name="maxInMemorySize" value="10485760"></beans:property>
		<beans:property name="defaultEncoding" value="UTF-8"></beans:property>
	</beans:bean>

	<view-controller path="/" view-name="home"/>
	
<!-- 	<websocket:handlers> -->
<!-- 		<websocket:mapping handler="chatComponent" path="/chat"/> -->
<!-- 		<websocket:sockjs websocket-enabled="true"></websocket:sockjs> -->
<!-- 	</websocket:handlers> -->
	
<!-- 	<beans:bean id="chatComponent" class="com.itbank.component.ChatComponent"></beans:bean> -->

	<context:component-scan
		base-package="com.itbank.controller" />

<!-- 	<websocket:message-broker application-destination-prefix="/app"> -->
<!-- 		<websocket:stomp-endpoint path="/endpoint"> -->
<!-- 		<websocket:sockjs websocket-enabled="true"></websocket:sockjs> -->
<!-- 	</websocket:stomp-endpoint> -->
<!-- 	<websocket:simple-broker prefix="/broker"/> -->
<!-- 	</websocket:message-broker> -->

</beans:beans>
